update,env_steps,agent_steps,policy_loss,value_loss,entropy,approx_kl,clip_fraction,assignment_aux_loss,explained_variance,rollout_episode_return_mean,rollout_collision_count_mean,rollout_landmarks_covered_mean
0,1600,4800,-0.0005907708423915636,11.395248413085938,1.5338577330112457,1.6322741885232972e-05,0.0,1.0386887192726135,-0.028774738311767578,-12.014998293324158,1.5846153846153845,0.7442397229642639
1,3200,9600,-0.0004067568379113595,8.208118915557861,1.564620465040207,9.564407946527353e-06,0.0,1.0682250261306763,-0.008752942085266113,-10.817957549830718,1.588235294117647,0.8057618659727743
2,4800,14400,-0.0003455708087134468,6.876258730888367,1.5108822286128998,8.957886393545778e-06,0.0,1.0216237008571625,0.04093456268310547,-11.045484286626655,1.6164383561643836,0.7253612716447737
3,6400,19200,-0.00018344290481753234,7.344561219215393,1.5038933455944061,7.23985272088612e-06,0.0,0.9976406991481781,-0.036731600761413574,-11.004365175407795,1.44,0.7513572327569232
4,8000,24000,-0.00017820030312520885,6.97802460193634,1.5176238119602203,5.136516392667545e-06,0.0,1.0064983665943146,0.0002105236053466797,-11.695291159389955,1.375,0.7965530921103536
5,9600,28800,-9.411677687154452e-05,5.933972120285034,1.5065539181232452,4.036886451785904e-06,0.0,0.9955271929502487,0.02912116050720215,-10.600587858034979,1.2619047619047619,0.7868860259614878
6,11200,33600,-0.00013168081375702911,6.422712087631226,1.5130964517593384,3.831601873116597e-06,0.0,1.005310744047165,-0.04371368885040283,-10.799374808867771,1.481012658227848,0.8362663783830235
7,12800,38400,-0.00014696329992158752,7.139460444450378,1.5423146486282349,3.586993557291862e-06,0.0,1.0672939121723175,0.017780840396881104,-11.669665804305286,1.4444444444444444,0.7891368149201472
8,14400,43200,-0.00017352789414859515,6.454597115516663,1.53388911485672,3.6910432186232356e-06,0.0,1.0521062910556793,0.005582153797149658,-11.771395343227518,1.6133333333333333,0.804882158484043
9,16000,48000,-9.424909800137549e-05,6.180697441101074,1.5144151747226715,3.201768265626015e-06,0.0,1.0164373815059662,0.008849561214447021,-11.12691058156391,1.368421052631579,0.7979531266291722
10,17600,52800,-0.00020582896606358148,6.980478763580322,1.5206569135189056,3.5309094243984873e-06,0.0,1.0035379827022552,0.0028451085090637207,-11.165360235203151,1.294871794871795,0.7890667861649824
11,19200,57600,-0.00017669320470314887,6.06445038318634,1.5229005217552185,3.3465423996403842e-06,0.0,1.0451447367668152,-0.036167025566101074,-11.09817875038522,1.6125,0.7676335408377237
12,20800,62400,-0.00011523384902834,7.718858957290649,1.5254840552806854,2.429338664455827e-06,0.0,1.042285829782486,-0.0019227266311645508,-12.016101017208639,1.7727272727272727,0.7188445467941516
13,22400,67200,-0.00017359078185119614,7.641754388809204,1.5283866822719574,2.74158081481346e-06,0.0,1.03884819149971,-0.011345386505126953,-12.018068478818526,1.4210526315789473,0.8392436932172349
14,24000,72000,-0.00016754094242088513,7.260648250579834,1.5399693548679352,4.129393488483402e-06,0.0,1.0550176799297333,0.03146100044250488,-11.90375510596116,1.4303797468354431,0.7617239541728843
15,25600,76800,-0.00010792948327420504,8.182458400726318,1.5377070307731628,4.315958335610048e-06,0.0,1.0600301623344421,-0.022180676460266113,-12.146374340855598,1.704225352112676,0.7076741384963349
16,27200,81600,-0.00013637192445514756,7.988632678985596,1.52592334151268,3.6406516699116764e-06,0.0,1.025177538394928,0.008585155010223389,-11.643984602373008,1.4246575342465753,0.7544413650114559
17,28800,86400,-8.25347740462945e-05,6.810174345970154,1.5135747194290161,2.538203304425224e-06,0.0,1.0148621797561646,-0.0068711042404174805,-11.666679297000742,1.3205128205128205,0.7890001750230246
18,30400,91200,-7.290318693797815e-05,6.689236521720886,1.529640793800354,2.480859407683056e-06,0.0,1.0397416949272156,-0.04974472522735596,-10.907855278063153,1.7333333333333334,0.7962693940943368
19,32000,96000,-0.00016887888083139124,7.02336311340332,1.5202009677886963,3.2542842944849326e-06,0.0,1.0104319751262665,-0.01790142059326172,-12.009658474837327,1.5555555555555556,0.7524284884988995
20,33600,100800,-0.0001669415085050474,7.644483923912048,1.5114417374134064,3.9888684568722965e-06,0.0,1.0090386867523193,-0.0034006834030151367,-11.539676070323885,1.3424657534246576,0.7603508587981
21,35200,105600,-0.00010221004518840004,6.816498398780823,1.5328651368618011,3.2668515075329196e-06,0.0,1.0334788858890533,-0.005704760551452637,-11.413530250438749,1.4545454545454546,0.7516446360723833
22,36800,110400,-0.00021801993265313513,6.544808745384216,1.5011545717716217,4.114080212502813e-06,0.0,1.016814410686493,-0.0004725456237792969,-11.001819984584207,1.5584415584415585,0.7527773204424683
23,38400,115200,-4.492465464256412e-05,7.4523046016693115,1.5068717002868652,4.605734687856966e-06,0.0,1.012801706790924,0.0030885934829711914,-11.27776597615776,1.5925925925925926,0.756674175214094
24,40000,120000,-0.00012731514791042287,6.426531672477722,1.4969899654388428,3.49157369328168e-06,0.0,0.98110331594944,0.026317238807678223,-12.613468726048675,1.155844155844156,0.7630255775008569
25,41600,124800,-4.154995156468999e-05,6.653072714805603,1.5162207782268524,3.6185629710416833e-06,0.0,0.9992439448833466,0.006601095199584961,-11.236093593866148,1.5324675324675325,0.7453667063558627
26,43200,129600,-0.00010217279057567197,5.782648801803589,1.4660851657390594,3.514967431783589e-06,0.0,0.9217958301305771,0.003366827964782715,-9.943952539144721,1.3424657534246576,0.9164106989405016
27,44800,134400,-0.0001551797971472979,5.887065052986145,1.5284785330295563,4.63317388721407e-06,0.0,1.0226921439170837,-0.00861811637878418,-11.586968868286311,1.2820512820512822,0.7528574158021905
28,46400,139200,-0.00021407157764841145,6.190613746643066,1.5219411551952362,5.36341687507047e-06,0.0,1.029945731163025,-0.02997446060180664,-11.015781899423978,1.763157894736842,0.7993022688637845
29,48000,144000,-0.0002785372796640928,7.802921414375305,1.5038177371025085,5.716902762742393e-06,0.0,0.9878089427947998,-0.021742701530456543,-11.23491568920642,1.3116883116883118,0.8230933764270827
30,49600,148800,-0.00023908480681722466,7.047877192497253,1.5097250640392303,7.179039585025748e-06,0.0,1.0361352860927582,0.013522505760192871,-11.979233127635665,1.6883116883116882,0.7844287036069416
31,51200,153600,5.488992155022743e-06,6.7025086879730225,1.5033839344978333,4.575529629846642e-06,0.0,1.002147376537323,-0.001712203025817871,-11.192549766408964,1.6842105263157894,0.8810863630577358
32,52800,158400,-0.0002083579446479078,7.552578449249268,1.5310449600219727,3.332772664066397e-06,0.0,1.044001966714859,-0.01833033561706543,-11.586590875731144,1.6712328767123288,0.8074026296848511
33,54400,163200,-0.00012725397489710133,7.649539232254028,1.52809739112854,3.239486929373925e-06,0.0,1.0300073027610779,-0.0042722225189208984,-12.56840059344183,1.644736842105263,0.7379539970926189
34,56000,168000,-0.0001653677255664121,6.639380574226379,1.5028702020645142,4.813366160760779e-06,0.0,1.0051405727863312,0.0076125264167785645,-11.19124160328259,1.35,0.7865609252419556
35,57600,172800,-8.239850467361975e-05,6.423624396324158,1.5494206845760345,3.919235922467124e-06,0.0,1.0510793924331665,0.005355656147003174,-12.405645793235806,1.6164383561643836,0.7443588588415276
36,59200,177600,-0.00015606656961608678,6.972907900810242,1.5243392884731293,3.4870206206960574e-06,0.0,1.0298513174057007,-0.043673038482666016,-10.956007128016967,1.0,0.7548420304756172
37,60800,182400,-0.0001243353600148822,7.093752861022949,1.535701721906662,3.2953918776001956e-06,0.0,1.0521616637706757,-0.0412447452545166,-11.694280887369338,1.8181818181818181,0.7513211479006023
38,62400,187200,-0.00016077354819543643,6.594083547592163,1.517941266298294,3.2790214277156338e-06,0.0,1.0071496665477753,-0.009139180183410645,-11.796683616058694,1.28,0.7892067477150261
39,64000,192000,-6.992757122148419e-05,6.507015943527222,1.5066596567630768,2.842631644739413e-06,0.0,0.9985614717006683,0.015067875385284424,-11.748132430058945,1.5135135135135136,0.7155788982178807
40,65600,196800,-0.00018227435699458283,5.848493456840515,1.4877755641937256,2.3515825660069822e-06,0.0,0.9733984768390656,0.01130145788192749,-10.840718852523237,1.2435897435897436,0.8089605960889626
41,67200,201600,-0.00026089206527135644,6.762180924415588,1.5259122252464294,3.7899427240972727e-06,0.0,1.0353049635887146,-0.036179542541503906,-11.118441104537629,1.118421052631579,0.8035302620552148
42,68800,206400,-8.239686590982842e-05,6.871443152427673,1.506850689649582,4.740143225490101e-06,0.0,0.9911549985408783,-0.02226078510284424,-11.157506960495239,1.7341772151898733,0.8035554404307503
43,70400,211200,-0.000146557687985438,7.006222128868103,1.4831934869289398,3.5773963134033693e-06,0.0,0.9767220616340637,-0.004035353660583496,-10.681437709532156,1.2236842105263157,0.8189771152845803
44,72000,216000,-8.597694135481504e-05,6.43649160861969,1.5148986876010895,3.423543034841714e-06,0.0,1.0218946933746338,-0.003033280372619629,-11.83824292339973,1.6578947368421053,0.7476316982170864
45,73600,220800,-0.00014818184026810233,7.766882419586182,1.519460529088974,4.3760799997016875e-06,0.0,1.0308053195476532,-0.033638596534729004,-10.944582315902105,1.5256410256410255,0.8427846558177021
46,75200,225600,-2.5932862736333107e-05,6.374834179878235,1.5288540422916412,3.001890178211397e-06,0.0,1.0465300381183624,0.027705729007720947,-11.857127553441872,1.45,0.7545973726673223
47,76800,230400,-0.00013392209591955861,7.887790560722351,1.5113260447978973,2.523967992829057e-06,0.0,1.0093491673469543,-0.06766259670257568,-11.172999672862327,1.4743589743589745,0.7644080509105438
48,78400,235200,-6.169237110054127e-05,7.618427395820618,1.5101700723171234,2.5186780874264514e-06,0.0,1.0081445276737213,-0.00355374813079834,-11.38524027958267,1.308641975308642,0.8098374278614129
49,80000,240000,-0.0001211887619136931,6.770061135292053,1.5487489104270935,2.8800463383049646e-06,0.0,1.0644263625144958,-0.0031137466430664062,-12.235388012117365,1.8205128205128205,0.74250661527662
50,81600,244800,-8.154451834352372e-05,6.7443108558654785,1.4938378036022186,2.3308792265197553e-06,0.0,1.002013772726059,-0.015665411949157715,-10.98936662838882,1.5384615384615385,0.808170527941022
51,83200,249600,-0.00014274228291455415,6.970115661621094,1.5269198715686798,4.12986608466781e-06,0.0,1.0329824388027191,-0.05079376697540283,-11.638846001762166,1.5205479452054795,0.7732851135674623
52,84800,254400,-8.320421024110569e-05,6.2941049337387085,1.505244791507721,3.197643650310056e-06,0.0,1.0004420578479767,0.012053966522216797,-11.439071058880263,1.4545454545454546,0.7632367434800772
53,86400,259200,-0.00012761547863160416,6.614905953407288,1.503610074520111,3.2038194319738977e-06,0.0,1.0103162229061127,0.0018698573112487793,-10.866771944317984,1.0547945205479452,0.8232737514416957
54,88000,264000,-7.776688733418524e-05,6.830553293228149,1.50313600897789,3.4144871108310326e-06,0.0,1.0192116498947144,-0.013377785682678223,-11.415571409505773,1.4939759036144578,0.8050304379164089
55,89600,268800,-0.0003128715595810405,6.905382394790649,1.5255125761032104,4.88918266228211e-06,0.0,1.0319368243217468,-0.009149312973022461,-11.520874928384695,1.3376623376623376,0.7523193237288184
56,91200,273600,-0.0001929813608878561,8.107909202575684,1.528277039527893,7.240153024667961e-06,0.0,1.0307587385177612,-0.03039860725402832,-11.560290193736133,1.4929577464788732,0.7588847358346741
57,92800,278400,-9.065821657738837e-05,6.371546506881714,1.5149154663085938,5.030336239997268e-06,0.0,1.0319368839263916,-0.008730649948120117,-11.415812252181365,1.617283950617284,0.8240596326603242
58,94400,283200,-0.0001560581493684765,8.45218276977539,1.5206682980060577,3.8420943440087285e-06,0.0,0.9934654980897903,0.004493653774261475,-11.645445578595002,1.4666666666666666,0.7406145564600268
59,96000,288000,-0.00020338773771122476,6.708858609199524,1.5166015028953552,3.911785370291909e-06,0.0,1.0100204944610596,-0.009520888328552246,-12.38143586469257,1.5,0.7350000469746113
60,97600,292800,-8.78928775636112e-05,7.6323243379592896,1.5177788436412811,4.022613950382947e-06,0.0,1.012499064207077,-0.035860419273376465,-11.624042258440674,1.5064935064935066,0.796994973869905
61,99200,297600,-4.114806224642109e-06,8.467807292938232,1.5486804246902466,2.1799630758323474e-06,0.0,1.0597030818462372,0.02614372968673706,-12.09379509032787,1.2535211267605635,0.7216612836151037
62,100800,302400,-0.0002003158613659295,5.312511563301086,1.482038527727127,2.7478205879560846e-06,0.0,0.9695230722427368,-0.05555999279022217,-11.211732519827931,1.3734939759036144,0.7803770962543205
63,102400,307200,-0.00020997531406408143,5.985689997673035,1.5068227350711823,4.724294399238715e-06,0.0,0.9876344203948975,-0.03342318534851074,-10.477190798180766,1.0909090909090908,0.8249044426623123
64,104000,312000,-0.00010349809876064597,7.219189643859863,1.5253115594387054,4.58660758795304e-06,0.0,1.0241416096687317,-0.009158492088317871,-12.064019553762462,1.4,0.8043002437713176
65,105600,316800,-8.300155248441854e-05,8.40687870979309,1.4988010823726654,3.876399716773449e-06,0.0,0.9910651594400406,-0.029870033264160156,-12.30096421741013,1.1153846153846154,0.7566755406137196
66,107200,321600,-0.00019016251077119684,6.387453317642212,1.524833619594574,3.4112670448394056e-06,0.0,1.0302419662475586,-0.027559757232666016,-10.400862218449255,1.5584415584415585,0.7714868594650576
67,108800,326400,-0.0001608268868587004,6.4634881019592285,1.5387367010116577,4.018315706844078e-06,0.0,1.052523136138916,-0.005173444747924805,-11.766718749658434,1.6233766233766234,0.7901742936022863
68,110400,331200,-0.00013698775066561808,6.992018938064575,1.532685786485672,4.5924586515866395e-06,0.0,1.0372887551784515,0.020101547241210938,-10.828602521192462,1.3506493506493507,0.8247019528385421
69,112000,336000,-0.00012105483525459704,6.70773184299469,1.5469515323638916,4.052307986057713e-06,0.0,1.0512664020061493,-0.03528916835784912,-12.477690067379163,1.5526315789473684,0.69238821588402
70,113600,340800,-0.0002035517602774206,6.4071818590164185,1.5292646884918213,4.378287258077762e-06,0.0,1.0446643233299255,-0.019977807998657227,-12.496034582737417,1.7066666666666668,0.7339445317254847
71,115200,345600,-0.000135408711576801,7.872451305389404,1.538674533367157,4.346505676267043e-06,0.0,1.0581842362880707,-0.015684962272644043,-11.640804476553093,1.3472222222222223,0.7194692318658924
72,116800,350400,-6.116204060147012e-05,6.9263596534729,1.4965496361255646,3.584067997053353e-06,0.0,0.9955489486455917,-0.05423450469970703,-11.682343800733912,1.5121951219512195,0.7762410834856696
73,118400,355200,-0.00013571936709944055,7.08994996547699,1.5498405992984772,3.376288759682211e-06,0.0,1.0634178817272186,-0.02656102180480957,-12.31463471477553,1.6233766233766234,0.7546691043822679
74,120000,360000,-0.00010737254866377555,6.119954347610474,1.5145018696784973,3.257461386851901e-06,0.0,1.0425077080726624,-0.015157818794250488,-11.213107827658716,1.5526315789473684,0.7759539297812407
75,121600,364800,-9.530640912996935e-05,7.912302255630493,1.5183855295181274,3.871791875553754e-06,0.0,1.0292011201381683,0.00818854570388794,-10.442337843814553,1.3875,0.8202878551271422
76,123200,369600,-0.00011966519381534368,7.854869961738586,1.5426860749721527,3.0217925228726017e-06,0.0,1.051181048154831,-0.01099705696105957,-12.01074923913305,1.1875,0.7489512726910172
77,124800,374400,-0.00011383235458239938,7.695110082626343,1.5420500934123993,2.711007851985414e-06,0.0,1.0584810376167297,-0.014264225959777832,-11.470850887665138,1.5443037974683544,0.7617274737956433
78,126400,379200,-0.0001494243702468978,7.135557174682617,1.5217231214046478,3.826792863037554e-06,0.0,1.0503990650177002,-0.008471369743347168,-11.715482529120312,1.44,0.7815467399787362
79,128000,384000,-6.576731959384574e-05,8.03434419631958,1.510662704706192,3.101243521541619e-06,0.0,1.0186339020729065,-0.009019136428833008,-12.271943849888114,1.44,0.6981137721698093
80,129600,388800,-8.92471707274467e-05,7.011896729469299,1.5176665782928467,2.1118764408356583e-06,0.0,1.037948727607727,-0.008057832717895508,-11.654636368666331,1.5316455696202531,0.771934922314946
81,131200,393600,-0.00020298257775763773,6.424085855484009,1.5104992985725403,2.7297739251253006e-06,0.0,0.9990969002246857,0.001317739486694336,-12.03536809619397,1.6575342465753424,0.737045076796675
82,132800,398400,-0.0002000324455000424,6.3728638887405396,1.5182794034481049,4.280484318996969e-06,0.0,1.0245491564273834,-0.012967824935913086,-10.531686983615545,1.4415584415584415,0.8648028636908998
83,134400,403200,-0.00020281105906178043,6.457322120666504,1.5469579696655273,5.706935212401731e-06,0.0,1.0733098983764648,-0.049472808837890625,-11.747299467344163,1.75,0.763976138895516
84,136000,408000,-0.0001590882249729586,6.403802752494812,1.5357874929904938,5.56111334049092e-06,0.0,1.0575304627418518,-0.005185723304748535,-11.56856457486324,1.9078947368421053,0.7848171163990482
85,137600,412800,-6.462902028925299e-05,5.741032004356384,1.4851607382297516,4.423989366841852e-06,0.0,0.9739727526903152,-0.035755038261413574,-12.072388819873877,1.5342465753424657,0.7097727816662959
86,139200,417600,-0.0001354230982908433,6.581121444702148,1.5238178372383118,3.915475701887772e-06,0.0,1.0386822521686554,-0.03331649303436279,-11.799605154355753,1.3766233766233766,0.7205177504778314
87,140800,422400,-8.937798371322359e-05,6.876388788223267,1.5281768441200256,4.157212060817983e-06,0.0,1.0473927557468414,0.0025049448013305664,-11.423160066975182,1.6710526315789473,0.7166474317036037
88,142400,427200,-0.0001835052642127355,7.178278088569641,1.5348010659217834,3.912814491968675e-06,0.0,1.0521931648254395,-0.056334495544433594,-11.808251331496525,1.7123287671232876,0.769768982700663
89,144000,432000,-0.0001405186938789882,5.581634521484375,1.5418469607830048,3.9242463572009e-06,0.0,1.0394048690795898,-0.04185783863067627,-11.924964272710787,1.472972972972973,0.7870491338912391
90,145600,436800,-0.0002603893030030946,6.731322526931763,1.5454334318637848,5.138008731364607e-06,0.0,1.0737668573856354,-0.020243048667907715,-10.988451363281213,1.8888888888888888,0.8120129633496792
91,147200,441600,-0.00018441662439716566,6.437950849533081,1.525714248418808,5.583306801781873e-06,0.0,1.00678750872612,-0.021057605743408203,-11.709811445333374,1.5625,0.7464504481128943
92,148800,446400,-0.0001708460200461337,6.562371611595154,1.5041809976100922,3.830890534572973e-06,0.0,1.0027041137218475,-0.009752154350280762,-10.896233803105986,1.2162162162162162,0.7541631816845505
93,150400,451200,-5.112290453368473e-05,5.971581816673279,1.53353151679039,3.170357018689174e-06,0.0,1.0458403825759888,0.00149613618850708,-11.347643568966683,1.7272727272727273,0.7809132833218856
94,152000,456000,-6.624683705025447e-05,6.170352578163147,1.5485075116157532,2.1149706697087822e-06,0.0,1.0689478814601898,-0.0691215991973877,-10.884170072322542,1.5454545454545454,0.7761708522444223
95,153600,460800,-0.00013804353511659428,7.041248083114624,1.521799236536026,2.4774390823267822e-06,0.0,1.0304840207099915,-0.00242006778717041,-11.884738542346488,1.3205128205128205,0.7851415354583164
96,155200,465600,-0.00011932473786147035,6.421034932136536,1.5097126364707947,2.6061315452352574e-06,0.0,1.0036814510822296,-0.06722486019134521,-12.177997458519208,1.3472222222222223,0.7688521209576226
97,156800,470400,-8.032605011987215e-05,6.768510460853577,1.5319879651069641,2.184866374932426e-06,0.0,1.0419898629188538,0.0010867714881896973,-12.33401558122701,1.5066666666666666,0.7535807109438822
98,158400,475200,-6.607219622309368e-05,4.4712440967559814,1.5018881857395172,1.625551391271074e-06,0.0,1.0023470520973206,-0.05309927463531494,-10.948773744009566,1.394736842105263,0.7672921964417109
99,160000,480000,-0.0001073290388012571,5.912905216217041,1.51841202378273,1.972152375628866e-06,0.0,1.039380520582199,-0.007876396179199219,-10.362721475072076,1.5256410256410255,0.8143572100262875
100,161600,484800,-0.00016702003551394284,6.7415008544921875,1.5070050358772278,2.86774594826511e-06,0.0,1.008674293756485,-0.04672527313232422,-12.509250409120847,1.662162162162162,0.7273570261450527
101,163200,489600,-7.028281734167141e-05,6.150949954986572,1.4918249249458313,2.9965245289531595e-06,0.0,0.9834187775850296,-0.039813995361328125,-10.610009568146406,1.141025641025641,0.7914133594336439
102,164800,494400,-9.899109660160832e-05,6.759792804718018,1.5179193317890167,2.0276953307529766e-06,0.0,1.0167013704776764,-0.004271745681762695,-11.585923877134919,1.5333333333333334,0.7189247179815493
103,166400,499200,-0.00010126426794165866,7.379434704780579,1.5258535146713257,2.0267487741421064e-06,0.0,1.0434065461158752,-0.02712249755859375,-10.838936295966066,1.5121951219512195,0.7914364491050533
104,168000,504000,-5.896907376157223e-05,6.284593105316162,1.529204934835434,1.5195366387388276e-06,0.0,1.0353131890296936,-0.00343167781829834,-12.098847004191743,1.3866666666666667,0.7747214760641064
105,169600,508800,-9.781509696082935e-05,6.009891986846924,1.5131698250770569,1.827878804760985e-06,0.0,1.0147121250629425,-0.08951830863952637,-11.558122807570422,1.375,0.7221497844186295
106,171200,513600,-7.381901241387823e-05,6.110864996910095,1.4858697354793549,1.9955914041247524e-06,0.0,0.9923942387104034,-0.018739700317382812,-11.291586285170455,1.1923076923076923,0.7844739919485847
107,172800,518400,-6.739541820932615e-05,6.004792809486389,1.5105274021625519,1.3651442785089785e-06,0.0,1.0102923512458801,-0.039467573165893555,-11.572613545282122,1.375,0.7731279795905923
108,174400,523200,-0.00012194812214127992,6.750842809677124,1.5314701199531555,1.6858289200172294e-06,0.0,1.0336442589759827,-0.07234907150268555,-12.457889443210192,1.4857142857142858,0.753549373184702
109,176000,528000,-0.00019964069513656035,5.589191913604736,1.5198467373847961,3.0255410337076682e-06,0.0,1.0178668200969696,-0.03474104404449463,-12.126892632502761,1.3918918918918919,0.7786557890394207
110,177600,532800,-0.00014577835849195753,4.08963930606842,1.517787516117096,3.219979191726452e-06,0.0,1.0398112535476685,-0.04364180564880371,-10.732067295070738,1.3625,0.8436612936259087
111,179200,537600,-0.00013088934076233016,5.907050848007202,1.505627304315567,3.4613745469869173e-06,0.0,1.0240177810192108,-0.014280438423156738,-10.720884349507589,1.5810810810810811,0.8272573886857437
112,180800,542400,-6.597928688290011e-05,5.136003613471985,1.505951464176178,2.994753913299064e-06,0.0,1.0109357833862305,-0.06259644031524658,-10.053776946386476,1.3506493506493507,0.8191584974861332
113,182400,547200,-4.535101176283973e-05,6.248569369316101,1.5265925228595734,2.081444264945276e-06,0.0,1.0403269529342651,-0.01771247386932373,-11.3471505391033,1.643835616438356,0.7912835997858642
114,184000,552000,-0.00013153433596024833,5.1846312284469604,1.498662382364273,2.133643718593703e-06,0.0,1.0036477744579315,-0.02869272232055664,-12.544968135859053,1.6986301369863013,0.7256444673911303
115,185600,556800,-0.00014005687233287212,6.341935992240906,1.4966122508049011,2.8087454353453722e-06,0.0,0.9966936409473419,-0.05110335350036621,-10.88203427826234,1.4605263157894737,0.8213497485802188
116,187200,561600,-4.662705468749806e-05,6.355642318725586,1.527189701795578,2.1784356363241386e-06,0.0,1.046992540359497,-0.01211559772491455,-12.573815686535928,1.7027027027027026,0.739109650322465
117,188800,566400,-9.761989251266812e-05,6.271549940109253,1.5246191024780273,1.8177786955675401e-06,0.0,1.0235320329666138,-0.06747698783874512,-12.464833384897146,1.6388888888888888,0.7226631721579588
118,190400,571200,-0.00013421684721848237,5.856314420700073,1.4991791546344757,2.5351647963134383e-06,0.0,0.9744710028171539,-0.07162761688232422,-12.464622086727875,1.4324324324324325,0.7294623812994389
119,192000,576000,-2.70286949213272e-05,6.958381295204163,1.4863537549972534,2.5719590297512696e-06,0.0,0.9753701537847519,-0.031349778175354004,-10.377535961802101,1.0823529411764705,0.7778721815770108
120,193600,580800,-0.00012015029878975625,7.017737507820129,1.5186950266361237,1.992969785646892e-06,0.0,1.0309106707572937,-0.020786523818969727,-12.124571998528129,1.527027027027027,0.7383148839705914
121,195200,585600,-0.00015598736659727663,6.01230776309967,1.517497956752777,2.4851690625382616e-06,0.0,1.048811435699463,-0.01662611961364746,-11.923534349560562,1.5357142857142858,0.7545392776869326
122,196800,590400,-0.00012507631923663887,6.285937428474426,1.5363567471504211,2.8539798080373657e-06,0.0,1.0576557219028473,-0.05043375492095947,-10.947083801555802,1.4929577464788732,0.8306734839534545
123,198400,595200,-0.0001547384250444317,6.358079195022583,1.5185010731220245,2.9495148226033052e-06,0.0,1.0152280628681183,-0.03444170951843262,-11.392047190646592,1.644736842105263,0.8289543198284633
124,200000,600000,-0.00013999104281536834,6.062224626541138,1.5278359949588776,3.5329407523931877e-06,0.0,1.0477428436279297,-0.010272979736328125,-12.005578055438633,1.6578947368421053,0.7586579285904566
125,201600,604800,-9.173646496485333e-05,4.8403098583221436,1.503618210554123,2.648604549904121e-06,0.0,1.0223129987716675,-0.07081079483032227,-11.633269923863313,1.5125,0.815344058917967
126,203200,609600,-5.6144594800577874e-05,6.023099422454834,1.494308590888977,1.9879615535955963e-06,0.0,1.0037929117679596,-0.0830451250076294,-10.780346789573496,1.662162162162162,0.8357343616518809
127,204800,614400,-0.00011281370709204097,7.0624693632125854,1.5223044157028198,2.126751994069309e-06,0.0,1.043271243572235,-0.06044948101043701,-12.308521663557672,1.5394736842105263,0.7084274938416824
128,206400,619200,-0.00013502225097905551,5.5614577531814575,1.4920125901699066,2.5866343804636927e-06,0.0,0.9912492334842682,-0.07621490955352783,-11.57799263325927,1.6233766233766234,0.7843008424355261
129,208000,624000,-0.0002144868719913262,5.714495778083801,1.5157107412815094,3.5888958507257485e-06,0.0,1.0265575051307678,-0.016717076301574707,-11.362170785327562,1.1645569620253164,0.7653100218635385
130,209600,628800,-0.0001262924838374424,6.052576541900635,1.5228652954101562,4.003443706324106e-06,0.0,1.016098827123642,-0.06331324577331543,-10.161818806771038,1.3902439024390243,0.8209725158037022
131,211200,633600,-9.096885434711766e-05,5.478910326957703,1.49298095703125,2.8191203540472998e-06,0.0,0.9945898652076721,-0.06069135665893555,-11.312901271747219,1.1066666666666667,0.7611978343299113
132,212800,638400,-0.00020442298977285667,5.553629755973816,1.5081851482391357,3.1068665009570395e-06,0.0,1.0206404626369476,-0.10054326057434082,-10.733030767661209,1.725,0.8151570655296678
133,214400,643200,-0.0001442927134485128,6.84430992603302,1.5685609877109528,3.130079790025775e-06,0.0,1.1159220933914185,-0.06504547595977783,-11.196742827741383,1.5897435897435896,0.7631722428141219
134,216000,648000,-0.00013610683708975557,5.308596611022949,1.5175573825836182,2.7907267963200866e-06,0.0,1.0142301321029663,-0.03609514236450195,-10.982182693260022,1.5301204819277108,0.7683105239169109
135,217600,652800,-0.0001538681635793182,5.666341304779053,1.4958632588386536,3.1220609031379354e-06,0.0,0.9880848079919815,-0.050174832344055176,-11.552392626449734,1.2702702702702702,0.814005853926772
136,219200,657600,-0.0001369761288151361,5.724619746208191,1.5093141794204712,3.883509293700627e-06,0.0,1.0245947539806366,-0.05265700817108154,-11.018113970692024,1.4805194805194806,0.8848702000513351
137,220800,662400,-0.00022346795005434572,6.121652126312256,1.5219446420669556,4.372508215055859e-06,0.0,1.0363994240760803,-0.04839527606964111,-11.61630402979042,1.6857142857142857,0.7727565699325982
138,222400,667200,-7.949397127959834e-05,5.076094388961792,1.5502432882785797,3.065082637476735e-06,0.0,1.0593881011009216,-0.10864865779876709,-11.25475192069231,1.35,0.7361772154686073
139,224000,672000,-8.93154746335334e-05,5.806196212768555,1.5173986852169037,2.72653757349417e-06,0.0,1.0144706666469574,-0.06317520141601562,-11.335497528766142,1.6363636363636365,0.758955882937065
140,225600,676800,-0.00016988769690229333,5.79525089263916,1.5049635171890259,3.739935323210375e-06,0.0,0.9933818131685257,-0.016306400299072266,-11.662738915055225,1.2692307692307692,0.7540453529462041
141,227200,681600,-0.00012865126082028944,5.568266034126282,1.495898813009262,3.342616878398985e-06,0.0,0.9902454763650894,-0.05350387096405029,-11.095068514850494,1.445945945945946,0.7855188523547321
142,228800,686400,-3.2512992274913444e-05,5.811381459236145,1.5139617323875427,2.3047578991963746e-06,0.0,1.0136277079582214,-0.05270028114318848,-12.250223646342686,1.267605633802817,0.7445438264618239
143,230400,691200,-9.20954357206405e-05,5.390019059181213,1.4895803332328796,1.9795121062315957e-06,0.0,0.9914415031671524,-0.06769073009490967,-10.90794127894912,1.5584415584415585,0.7770298340415275
144,232000,696000,-0.00016271390253674856,6.581229090690613,1.5009921193122864,2.4127075732849335e-06,0.0,0.9902458935976028,-0.03433847427368164,-10.907710469071754,1.1125,0.8338901995482122
145,233600,700800,-7.726564881505027e-05,6.795046925544739,1.5203571915626526,2.192272731349476e-06,0.0,1.0095317661762238,-0.0593419075012207,-11.722208786370697,1.2025316455696202,0.7545419430114162
146,235200,705600,-5.8847220134383704e-05,6.330777525901794,1.514806866645813,1.6804878271159396e-06,0.0,1.0104070603847504,-0.06720268726348877,-11.343051987916294,1.1898734177215189,0.77401603197429
147,236800,710400,-0.0001967058327136395,5.189698219299316,1.5158976316452026,2.5811686725774052e-06,0.0,1.020145833492279,-0.01332080364227295,-10.93800319763832,1.55,0.7767249836744933
148,238400,715200,-0.00012709200091176598,6.557158589363098,1.5206148028373718,4.379597925208145e-06,0.0,1.0448514223098755,-0.045151352882385254,-11.470330583148947,1.4,0.8521579237751039
149,240000,720000,-0.0001300837106828212,5.110388994216919,1.520487755537033,4.49603422225664e-06,0.0,1.033290833234787,-0.005360007286071777,-11.649610402496302,1.63013698630137,0.7260668543118245
150,241600,724800,-0.0001307292259661863,6.171505808830261,1.5037058889865875,3.69757415796812e-06,0.0,1.0146168768405914,-0.04586374759674072,-11.27585096910228,1.2222222222222223,0.7798281981185942
151,243200,729600,-0.00022903710734678562,5.294784784317017,1.5279800295829773,4.846206792308294e-06,0.0,1.049976795911789,-0.12411952018737793,-10.814654264139172,1.4567901234567902,0.7863117068496139
152,244800,734400,-0.0003179101666319628,4.707296133041382,1.5108606219291687,6.790324192706976e-06,0.0,1.0297249853610992,-0.0652308464050293,-11.887899897388287,1.5066666666666666,0.8165935778424672
153,246400,739200,-4.79801725578044e-05,6.012433409690857,1.482739895582199,6.404253610980959e-06,0.0,0.9986375123262405,-0.042630910873413086,-11.014684034485931,1.5616438356164384,0.8338857391987987
154,248000,744000,-0.00012899697005197552,7.062650680541992,1.5053819417953491,5.485279160666323e-06,0.0,1.0044480860233307,-0.05962991714477539,-10.512409412306107,1.4545454545454546,0.8098967214243431
155,249600,748800,-0.00011435314707330946,6.52058219909668,1.5045194327831268,3.2500690281267453e-06,0.0,1.0223495364189148,-0.053490519523620605,-11.658685172833348,1.3417721518987342,0.7161552134889902
156,251200,753600,-0.0002075277286348598,6.72270405292511,1.531280368566513,3.9712317061457725e-06,0.0,1.0508551597595215,-0.08704841136932373,-12.04157955119419,1.7236842105263157,0.7791234680179321
157,252800,758400,-7.356435019346963e-05,6.381622791290283,1.4880439043045044,3.541167870935169e-06,0.0,0.971454530954361,-0.051428914070129395,-10.634355581191375,1.4146341463414633,0.7825683730002747
158,254400,763200,-0.00010384276341945942,6.460871458053589,1.491186499595642,3.2515359293938673e-06,0.0,1.0097060799598694,-0.08834469318389893,-11.817556773892425,1.1973684210526316,0.7759300216625661
159,256000,768000,-3.2292529776878354e-05,6.842071175575256,1.5299220979213715,1.8772041130432626e-06,0.0,1.0689199268817902,-0.12729740142822266,-11.341698485220988,1.7922077922077921,0.7493268672746911
160,257600,772800,-0.00011424139203874972,6.995672821998596,1.502593845129013,2.1695880860761463e-06,0.0,1.0027103126049042,-0.07752466201782227,-12.980243899500032,1.868421052631579,0.7356473050316701
161,259200,777600,-0.00011454909999875085,6.3536598682403564,1.5141427516937256,2.8387899533299787e-06,0.0,1.022935837507248,-0.03724217414855957,-11.604045596619446,1.1066666666666667,0.7760033944104882
162,260800,782400,-4.506558321759613e-05,5.788396239280701,1.497288852930069,2.5906576155421135e-06,0.0,0.9989781975746155,-0.0548781156539917,-11.77599875794237,1.8108108108108107,0.8040948797224877
163,262400,787200,-5.622044070152654e-05,6.040820121765137,1.5196950435638428,1.5414460250440243e-06,0.0,1.0360238552093506,-0.03643918037414551,-10.489409212595522,1.5454545454545454,0.7706756932322589
164,264000,792000,-0.00014692969249152643,5.3672672510147095,1.4996791779994965,3.066506522486634e-06,0.0,0.9976427257061005,-0.05295300483703613,-11.452390493132558,1.358974358974359,0.7636883927010071
165,265600,796800,-0.00021447628438187039,7.191401124000549,1.5350510478019714,4.740188586538352e-06,0.0,1.058093249797821,-0.08279335498809814,-11.376909795764574,1.4605263157894737,0.8279815523343466
166,267200,801600,-0.00021481498290085166,6.263222813606262,1.501448392868042,6.149071424488284e-06,0.0,0.9973142892122269,-0.05717170238494873,-11.888927981159405,1.394736842105263,0.7735093489351209
167,268800,806400,-0.00014883391442710447,6.500574827194214,1.5335586369037628,7.546243750766735e-06,0.0,1.046116292476654,-0.0771554708480835,-11.299583199671853,1.6883116883116882,0.76998535572648
168,270400,811200,-0.00011573665153263857,7.204392790794373,1.5345173478126526,4.704368762986633e-06,0.0,1.0593181252479553,-0.05354273319244385,-12.086105540575874,1.75,0.8067089354714988
169,272000,816000,-0.0002042081997933598,7.301322817802429,1.5219569206237793,5.585560472809448e-06,0.0,1.0331570506095886,-0.06949746608734131,-11.278425372960802,1.3108108108108107,0.8435152341377944
170,273600,820800,-9.265586762907674e-05,6.516524314880371,1.4977256953716278,4.504603538180163e-06,0.0,0.9966220855712891,-0.07568001747131348,-11.671954142558905,1.2133333333333334,0.7429624530726698
171,275200,825600,-0.0001921361647692077,7.015707015991211,1.5186511874198914,4.3951440318323876e-06,0.0,1.0323798060417175,-0.08360409736633301,-11.39644462418225,1.3466666666666667,0.7811642661043656
172,276800,830400,-0.00027639523643302466,6.747146964073181,1.5563038289546967,6.438980364009694e-06,0.0,1.0792873203754425,-0.0994422435760498,-12.190663880936496,1.643835616438356,0.7552603976057187
173,278400,835200,8.279207977457403e-05,6.920419454574585,1.5101398825645447,5.1609030720101146e-06,0.0,1.0238708853721619,-0.09295868873596191,-11.666065425546677,1.763157894736842,0.7776052593609943
174,280000,840000,-0.00023425370578478155,6.537362575531006,1.5143670737743378,3.7312949530132755e-06,0.0,1.0230609476566315,-0.05134093761444092,-11.719748689203211,1.35,0.8158996127790674
175,281600,844800,-4.0351897278023685e-05,7.181727051734924,1.5151737034320831,5.199005755684993e-06,0.0,1.0053825378417969,-0.07515013217926025,-12.0812239289692,1.2465753424657535,0.7067232268249385
176,283200,849600,-5.771644558705269e-05,6.68204391002655,1.5161714255809784,2.837133436628392e-06,0.0,1.043788343667984,-0.06482136249542236,-11.838861368085702,1.2911392405063291,0.7644258602490965
177,284800,854400,-5.131915229866779e-05,6.726279973983765,1.5427665412425995,2.329174819237778e-06,0.0,1.0680947005748749,-0.07188165187835693,-11.668953855319156,1.6933333333333334,0.7343076401385864
178,286400,859200,-0.0002775733155431226,6.553604602813721,1.5143188536167145,4.221280079264034e-06,0.0,1.026519626379013,-0.043105244636535645,-10.830770638493169,1.5454545454545454,0.7608289733995987
179,288000,864000,-2.050757476346199e-05,6.962213754653931,1.5227987468242645,5.264005011440531e-06,0.0,1.0289082825183868,-0.10555744171142578,-10.942471905442483,1.6329113924050633,0.8065867258001487
180,289600,868800,-6.55737515989907e-05,6.946670651435852,1.4962716102600098,2.8985342623855104e-06,0.0,1.004794716835022,-0.05179643630981445,-11.13645357090948,1.1025641025641026,0.8205281852382093
181,291200,873600,-0.00014853134722214723,6.777225494384766,1.4939984679222107,3.2617360261610884e-06,0.0,1.0087406933307648,-0.0914146900177002,-11.33160702593915,1.4155844155844155,0.7861145547432791
182,292800,878400,-0.0003808400008711299,6.4299914836883545,1.503544181585312,7.413616174289928e-06,0.0,1.0015078485012054,-0.04050767421722412,-11.46480789979456,1.3164556962025316,0.7677959915587131
183,294400,883200,-1.6642808286615463e-05,6.703037858009338,1.4946988821029663,8.483100714329339e-06,0.0,0.9935206919908524,-0.09927141666412354,-10.261828555407314,1.4,0.8560445182901855
184,296000,888000,-0.00014649168027972004,6.2981414794921875,1.513393372297287,4.940966675803793e-06,0.0,1.0247994363307953,-0.04312431812286377,-11.587182661850756,1.4366197183098592,0.8019556820500874
185,297600,892800,-9.748153626798484e-05,6.801853895187378,1.5106927454471588,4.1389114926460024e-06,0.0,1.0065206587314606,-0.09522771835327148,-11.155965051690352,1.3246753246753247,0.8136350420093534
186,299200,897600,-3.58640412924105e-05,6.54833447933197,1.5208432972431183,2.6624440039313413e-06,0.0,1.0344057381153107,-0.06523776054382324,-10.570494392299437,1.7432432432432432,0.7669400647414175
187,300800,902400,-8.153369728458593e-05,7.129112124443054,1.4928682446479797,3.119287995900777e-06,0.0,0.9865263253450394,-0.05617976188659668,-10.812036425151208,1.308641975308642,0.7749312020270177
188,302400,907200,-0.0002803847170433915,6.273804068565369,1.483271211385727,6.6827797127189115e-06,0.0,0.9724940955638885,-0.044132232666015625,-11.73793402591066,1.554054054054054,0.7435976236247134
189,304000,912000,-0.00017451137406165884,6.744364619255066,1.4955783188343048,9.277009155539417e-06,0.0,1.0026034116744995,-0.02517247200012207,-10.661011499638361,1.3466666666666667,0.7855380924779095
190,305600,916800,-0.00012495242379373384,6.949952721595764,1.4758209586143494,6.120095690675953e-06,0.0,0.9800142794847488,-0.04980957508087158,-11.45060550110173,1.3611111111111112,0.8019806945114298
191,307200,921600,-0.00012225821439626472,7.702458143234253,1.5113356113433838,4.357150743317106e-06,0.0,1.038834273815155,-0.0530012845993042,-12.287243353375406,1.2777777777777777,0.789753719864014
192,308800,926400,-0.00011097527916703598,9.28432559967041,1.5520733892917633,2.7646869824593523e-06,0.0,1.084179550409317,-0.04366254806518555,-11.74275104101602,1.4285714285714286,0.7317347675253688
193,310400,931200,-4.435855978046632e-05,7.332395792007446,1.5441858768463135,1.8734636029194007e-06,0.0,1.0606193840503693,-0.06975317001342773,-11.888986297493053,1.358974358974359,0.7502298856635681
194,312000,936000,-0.00022203669628662048,8.043591022491455,1.5377850234508514,3.1643732683050985e-06,0.0,1.0399533808231354,-0.09288501739501953,-11.819230114904059,1.5324675324675325,0.760542274013586
195,313600,940800,-0.00016145705973036328,8.168609619140625,1.524075597524643,4.345961002627519e-06,0.0,1.0328827798366547,-0.056908488273620605,-12.284530177430975,1.4133333333333333,0.7435094508000687
196,315200,945600,-0.00019366562315559221,7.175508499145508,1.4822622239589691,4.230636335478266e-06,0.0,0.9884546846151352,-0.0093308687210083,-11.29049474862306,1.3670886075949367,0.8289971038047682
197,316800,950400,-0.0001578025474737732,7.224990367889404,1.493004471063614,5.973919684265638e-06,0.0,1.0096694231033325,-0.038394927978515625,-11.347147463153428,1.3875,0.728009043982072
198,318400,955200,-0.0002384176847408659,8.180888652801514,1.509327620267868,4.579189777587089e-06,0.0,1.011807233095169,-0.02997732162475586,-11.94816481747048,1.380281690140845,0.7474901778762599
199,320000,960000,-0.00026820511237019007,8.21313214302063,1.5197016298770905,4.734047820420528e-06,0.0,1.015114665031433,-0.07752430438995361,-12.462444493604268,1.4605263157894737,0.806074074885959
200,321600,964800,-0.0003034357426804357,7.205769062042236,1.5110717117786407,6.704025594217455e-06,0.0,1.0106723606586456,-0.03645646572113037,-11.985930351276785,1.6575342465753424,0.7978980572972278
201,323200,969600,-0.00014959387553981074,7.6195409297943115,1.5355307757854462,7.853491695186676e-06,0.0,1.0615200698375702,-0.029253363609313965,-10.923149127599622,1.1772151898734178,0.7655642383839656
202,324800,974400,-0.00022121831847465856,8.510279893875122,1.5445737838745117,8.040715499646467e-06,0.0,1.0620954930782318,-0.08749783039093018,-11.286301223685346,1.56,0.7843218131051083
203,326400,979200,-6.700143208471232e-05,8.050533056259155,1.5161652266979218,4.56463999398693e-06,0.0,1.0260238647460938,-0.06548702716827393,-12.201738341890731,1.7464788732394365,0.78279417202661
204,328000,984000,-1.5534088299684612e-05,7.451740026473999,1.51213338971138,2.3230607411051096e-06,0.0,1.0185496509075165,-0.047066569328308105,-11.772721851686947,1.5875,0.7965995824747971
205,329600,988800,-0.00010216988368494384,8.509993076324463,1.4932813346385956,2.6360480376297346e-06,0.0,1.01913720369339,-0.06920492649078369,-11.811536382416,1.452054794520548,0.7880549256379029
206,331200,993600,-9.078443161342209e-05,8.640482187271118,1.5325843691825867,2.497134332202222e-06,0.0,1.0458359122276306,-0.05953872203826904,-12.213420290403166,1.5714285714285714,0.7711999794440624
207,332800,998400,-0.00018227128275616344,7.749734163284302,1.5029126405715942,3.946677367139273e-06,0.0,1.0091290175914764,-0.08029043674468994,-12.2932137143308,1.5263157894736843,0.7251502744716042
208,334400,1003200,-8.07877453553596e-05,7.454976201057434,1.5058602094650269,2.8641824769692903e-06,0.0,1.0216077864170074,-0.06898951530456543,-11.637385854061257,1.6081081081081081,0.7825442430278209
209,336000,1008000,-0.0001796352150995606,8.475785255432129,1.504232794046402,3.974072171786247e-06,0.0,1.0141100883483887,-0.042502641677856445,-11.383344578270465,1.3246753246753247,0.8026474737047159
210,337600,1012800,-0.00012721210849120368,8.587824583053589,1.5088529586791992,2.9758014363778784e-06,0.0,1.0165590047836304,-0.05680429935455322,-11.791370648482259,1.3157894736842106,0.7802552501842048
211,339200,1017600,-0.00017828628435401228,7.847524046897888,1.5118177831172943,4.1637545109551866e-06,0.0,1.019560694694519,-0.05077791213989258,-11.840957559744515,1.4533333333333334,0.7882012631854468
212,340800,1022400,-0.00018046908386160077,8.178563356399536,1.503936380147934,4.238975350290275e-06,0.0,0.9927088469266891,-0.06313741207122803,-10.960927497090568,1.4933333333333334,0.7979380017155088
213,342400,1027200,-0.00015230637214713738,7.962670087814331,1.4987924695014954,5.147326646692818e-06,0.0,1.0107368528842926,-0.06495916843414307,-11.711107628678697,1.5694444444444444,0.7228030763019769
214,344000,1032000,-0.00013002555911945102,8.280752182006836,1.5362063646316528,5.540030542761087e-06,0.0,1.0513189136981964,-0.09627366065979004,-11.899416537119283,1.6133333333333333,0.7593447426690261
215,345600,1036800,2.5603063731782782e-05,7.778862118721008,1.5042642951011658,2.9906141492119787e-06,0.0,1.016728401184082,-0.06975853443145752,-11.76181696044902,1.6666666666666667,0.7508610667490844
216,347200,1041600,-0.00012255400684813011,8.997334241867065,1.5055058002471924,1.9423384571837232e-06,0.0,1.023754507303238,-0.03184795379638672,-10.89821696706944,1.32,0.7825973541103706
217,348800,1046400,-0.00013306968077814174,8.08731722831726,1.5402715504169464,2.2914073980473404e-06,0.0,1.0585987567901611,-0.02068924903869629,-12.011119111610048,1.4303797468354431,0.7563693246424752
218,350400,1051200,-0.00012729585087067896,7.97026264667511,1.5118629336357117,3.043757857312812e-06,0.0,1.0416515171527863,-0.05802154541015625,-10.923629055110117,1.6829268292682926,0.7725737633276193
219,352000,1056000,-0.00023472413558911498,8.266229152679443,1.5002069473266602,4.28564371190987e-06,0.0,1.0094550848007202,-0.023982644081115723,-11.357888809198306,1.4102564102564104,0.7421145546277825
220,353600,1060800,-0.00016479265286761802,8.154298543930054,1.4941803812980652,4.829566421449272e-06,0.0,1.003101110458374,-0.052787184715270996,-12.06877331688935,1.1710526315789473,0.734910669294224
221,355200,1065600,-0.0002557661322497573,7.723812580108643,1.5241940021514893,6.4141231632675044e-06,0.0,1.02040296792984,-0.03803730010986328,-11.103741768239574,1.3116883116883118,0.707424592010276
222,356800,1070400,-0.00020093094237380593,7.8140013217926025,1.5166460573673248,9.40483971589856e-06,0.0,1.0259993374347687,-0.0780026912689209,-10.96978625036564,1.4390243902439024,0.7887921983459248
223,358400,1075200,-9.583130104151572e-05,7.491034746170044,1.4983247518539429,7.134364125249704e-06,0.0,1.0293426513671875,-0.020629525184631348,-11.29793199066702,1.4246575342465753,0.7692770145419748
224,360000,1080000,-0.00020293518857217308,7.619153022766113,1.499757170677185,5.545222734326671e-06,0.0,1.014151930809021,-0.03880190849304199,-11.024889578606496,1.4324324324324325,0.7940450683585695
225,361600,1084800,-0.00014929361132098862,8.254146814346313,1.5232117772102356,7.364228281403484e-06,0.0,1.0608640611171722,-0.0409235954284668,-11.52136743611748,1.5352112676056338,0.7689967261736159
226,363200,1089600,-0.0002161018217885502,8.952830076217651,1.50943922996521,7.739353407032468e-06,0.0,1.0343762040138245,-0.09677982330322266,-11.916390739878018,1.3466666666666667,0.7908905690949841
227,364800,1094400,-0.00028471290424930684,8.293649673461914,1.522087186574936,6.61109231714363e-06,0.0,1.0516718327999115,-0.041559576988220215,-10.888405941157162,1.4736842105263157,0.7860140920801711
228,366400,1099200,-6.498452206871175e-05,8.213460922241211,1.4916978478431702,6.140846778635023e-06,0.0,0.9857660084962845,-0.05416905879974365,-10.999446821049787,1.3875,0.7341893406763551
229,368000,1104000,-0.00017008967770382188,8.88215446472168,1.492937594652176,5.788521349359144e-06,0.0,1.002201110124588,-0.04598379135131836,-11.054609261399495,1.4444444444444444,0.815420060948483
230,369600,1108800,-0.00010504155994572884,8.908396244049072,1.5117869079113007,5.706090064450109e-06,0.0,1.053250938653946,-0.06576824188232422,-12.397968438380447,1.5789473684210527,0.7127428459138383
231,371200,1113600,-9.17734180438945e-05,8.487772703170776,1.4975009262561798,2.864303539240609e-06,0.0,1.0098008811473846,-0.044475436210632324,-11.089694589854052,1.5384615384615385,0.84870430438107
232,372800,1118400,-8.135989133739585e-05,7.768134951591492,1.5251515209674835,3.614532829487871e-06,0.0,1.0487509369850159,-0.04952085018157959,-11.541112643775639,1.5810810810810811,0.7701825611938009
233,374400,1123200,-0.00012457415396061045,7.722320079803467,1.5070582926273346,2.921058396054832e-06,0.0,1.0235291123390198,-0.05419516563415527,-12.232854220643642,1.72,0.7265395277576056
234,376000,1128000,-8.243322135970121e-05,8.616485595703125,1.531322032213211,2.772188707922396e-06,0.0,1.0653401017189026,-0.08219969272613525,-10.475408304341967,1.4,0.8029119995184069
235,377600,1132800,-0.0002222482404613535,7.66858696937561,1.5005959570407867,3.916751637689231e-06,0.0,1.0150336921215057,-0.029037117958068848,-12.268714916279636,1.486842105263158,0.7363071182899018
236,379200,1137600,-0.00021743864272139035,8.149324655532837,1.520834892988205,6.096526050214379e-06,0.0,1.0484941899776459,-0.0021741390228271484,-11.419806014547747,1.5333333333333334,0.7828998512492926
237,380800,1142400,-0.00013038173085089255,7.757392883300781,1.4851728677749634,5.985728819268843e-06,0.0,0.9992576241493225,-0.03935110569000244,-11.096006689465836,1.4230769230769231,0.8075407829552709
238,382400,1147200,-0.00012187756536152783,6.928351640701294,1.4964843094348907,4.221459477093958e-06,0.0,1.0099668204784393,-0.03026902675628662,-10.9672180722985,1.36,0.8067938508189686
239,384000,1152000,-7.153086307898349e-05,7.5378628969192505,1.4673985838890076,3.3048376621991338e-06,0.0,0.9746084064245224,-0.007629275321960449,-10.391818052593184,1.2857142857142858,0.8156703160470162
240,385600,1156800,-0.00010102026135427877,7.966746926307678,1.5164857804775238,2.8055673624294286e-06,0.0,1.0176108181476593,-0.04150831699371338,-11.438577280771257,1.5072463768115942,0.72087286275715
241,387200,1161600,-0.00016766280030422465,9.25203561782837,1.514818012714386,3.741225128806036e-06,0.0,1.0224623084068298,-0.015233278274536133,-11.676801601465662,1.5394736842105263,0.7702671858682487
242,388800,1166400,-0.00021211333616522055,8.385312795639038,1.5262862145900726,4.1380618256425805e-06,0.0,1.0505753755569458,-0.0435328483581543,-11.544391333323766,1.5662650602409638,0.7934806685036775
243,390400,1171200,-0.00014254771194827098,8.807529926300049,1.522105634212494,4.14071143950423e-06,0.0,1.0328381061553955,-0.10822761058807373,-11.602498672265984,1.5569620253164558,0.7824014427808957
244,392000,1176000,-0.00014234467926144134,7.734226226806641,1.5049623847007751,3.831095455097966e-06,0.0,1.0141918361186981,-0.08872199058532715,-11.82743011635211,1.64,0.7876816283132072
245,393600,1180800,-0.00015291959542063083,8.209880352020264,1.5292425453662872,4.177573060815121e-06,0.0,1.0436002016067505,-0.04584658145904541,-11.027771306677241,1.6486486486486487,0.8328930408500337
246,395200,1185600,-0.0002923733741045098,7.476475477218628,1.517006516456604,5.8671483316175e-06,0.0,1.0238024294376373,-0.024576187133789062,-12.147488673281384,1.3150684931506849,0.7438263974256438
247,396800,1190400,-7.649749564730968e-05,8.00013792514801,1.4942950904369354,9.813581129947124e-06,0.0,1.0324044227600098,-0.044667720794677734,-11.117837465565763,1.6493506493506493,0.7601492338665063
248,398400,1195200,-0.00017298478756844204,8.002685904502869,1.5129889845848083,5.408120330230304e-06,0.0,1.0345913767814636,-0.039122819900512695,-11.73583878646907,1.5974025974025974,0.7501962616136799
249,400000,1200000,-9.335957391154448e-05,7.856262445449829,1.4729681313037872,4.526125394477276e-06,0.0,0.9619929194450378,-0.0727536678314209,-10.829621378422143,1.4578313253012047,0.799613262585492
250,401600,1204800,-1.3723968876333537e-05,8.272503137588501,1.4824594557285309,2.002224874786407e-06,0.0,0.981039434671402,-0.040978193283081055,-11.335348003765658,1.3376623376623376,0.8323337129802273
251,403200,1209600,-0.00021899267630942632,7.747570037841797,1.5152835845947266,3.7472462963705766e-06,0.0,1.04356649518013,-0.01262211799621582,-11.493379864595049,1.36986301369863,0.8067548163117267
252,404800,1214400,-0.00013548538088797857,7.064101457595825,1.4814923703670502,5.757724920840701e-06,0.0,0.9846909642219543,-0.029478907585144043,-11.966476010673537,1.3780487804878048,0.7854634779134186
253,406400,1219200,-0.00012463141483748386,8.101046562194824,1.49616339802742,5.533967765813941e-06,0.0,1.0223533511161804,-0.024227023124694824,-10.990389444957579,1.3243243243243243,0.7572223241573087
254,408000,1224000,-0.0002473627787548949,7.942664623260498,1.5298340618610382,6.3977834088291274e-06,0.0,1.053053766489029,-0.06951642036437988,-11.540888305230622,1.4736842105263157,0.7684820710909483
255,409600,1228800,-0.0002721257561644208,7.310032963752747,1.5149292349815369,7.076561757912714e-06,0.0,1.0407942533493042,-0.007290840148925781,-11.164551861049757,1.7215189873417722,0.8399246735969695
256,411200,1233600,-1.1068769194988448e-05,8.340757369995117,1.4925379157066345,4.894981458392067e-06,0.0,1.021457552909851,-0.05156099796295166,-11.186705975314226,1.5185185185185186,0.7960972749505676
257,412800,1238400,-0.000220205415753294,8.048683404922485,1.5063043236732483,4.410635455087686e-06,0.0,0.998179629445076,-0.0382077693939209,-11.843783276555337,1.5890410958904109,0.7638354203910419
258,414400,1243200,-0.00016443729560711162,7.7592936754226685,1.5031152665615082,7.114808397545858e-06,0.0,1.0186996757984161,-0.0140610933303833,-10.915187330224,1.1282051282051282,0.8106597069382334
259,416000,1248000,-0.00013064995029710147,7.668132781982422,1.5242767035961151,6.344702512706135e-06,0.0,1.049483597278595,-0.050812482833862305,-11.0829832670299,1.4805194805194806,0.7427688631372117
260,417600,1252800,-1.3650282971955363e-05,7.298308968544006,1.5363757014274597,4.240144107825472e-06,0.0,1.078845888376236,-0.05120205879211426,-11.279759931799076,1.36986301369863,0.7475874399717328
261,419200,1257600,-0.00021180577139601198,8.072566986083984,1.528338372707367,5.4945843714904186e-06,0.0,1.0572954416275024,-0.01325845718383789,-11.681227892917926,1.6712328767123288,0.7538173690224751
262,420800,1262400,-0.0001371544610446751,8.1646089553833,1.5081340968608856,6.96889600249051e-06,0.0,1.0075040459632874,-0.07686984539031982,-10.437549897742619,1.2771084337349397,0.7819787780676847
263,422400,1267200,-0.000208728239667888,8.23692536354065,1.5028264224529266,7.285590982064605e-06,0.0,1.014761358499527,-0.029178977012634277,-12.000140446192688,1.52,0.7643795399885857
264,424000,1272000,4.143118851063221e-05,7.776171326637268,1.5009454190731049,3.724801359794583e-06,0.0,1.0213132798671722,-0.009979009628295898,-10.931230710488226,1.5066666666666666,0.8162339529203442
265,425600,1276800,-0.00011553533506231117,8.82282567024231,1.5196998417377472,2.139431842351769e-06,0.0,1.0475444793701172,-0.0257570743560791,-11.67699933114151,1.5063291139240507,0.7734942392245325
266,427200,1281600,-8.913181569369932e-05,7.606015563011169,1.524452120065689,2.527264896912129e-06,0.0,1.0425653755664825,-0.03569674491882324,-12.319238794225921,2.0833333333333335,0.7298270093662447
267,428800,1286400,-7.152490303274917e-05,8.332505226135254,1.5245295464992523,2.2630440099646876e-06,0.0,1.0560458898544312,-0.018779993057250977,-11.74704310614202,1.36,0.7379334779313108
268,430400,1291200,-9.392332385704805e-05,7.598395109176636,1.5076449513435364,2.414307019193984e-06,0.0,1.0402343571186066,-0.06522119045257568,-12.617092162079404,1.4691358024691359,0.741585399247913
269,432000,1296000,-7.71480804178104e-05,8.881429433822632,1.5436682403087616,2.8403219971551152e-06,0.0,1.0803121626377106,-0.08080995082855225,-12.599641444188531,1.8115942028985508,0.7323102635782383
270,433600,1300800,-0.00014359563298058098,8.057435035705566,1.5035308003425598,2.6286207628345437e-06,0.0,1.0020382106304169,-0.04479539394378662,-12.162098250980689,1.3333333333333333,0.7082476751636075
271,435200,1305600,-0.0001216303537148189,7.921575307846069,1.488100290298462,3.7698889627790777e-06,0.0,0.9901709407567978,-0.060025930404663086,-11.81155898468362,1.48,0.784226463126719
272,436800,1310400,-0.00010086133992442958,8.70263123512268,1.4922116696834564,3.0313992027686254e-06,0.0,0.9836389571428299,-0.02551436424255371,-10.842044136789324,1.3896103896103895,0.7986750565604189
273,438400,1315200,-2.1272003041250542e-05,8.759103059768677,1.500678688287735,3.0767510565965495e-06,0.0,1.0096076726913452,-0.051001548767089844,-11.698108062978523,1.175,0.7484142490851082
274,440000,1320000,-0.00017799675035368168,6.837408542633057,1.4743013083934784,2.9951356026458598e-06,0.0,0.9708655476570129,0.009859442710876465,-11.120217434333432,1.3466666666666667,0.8331915499401163
